<?xml version="1.0"?>
<hivemq xmlns:xsi="http://www.w3.org/2001/XMLSchema-instance"
        xsi:noNamespaceSchemaLocation="hivemq-config.xsd">

    <listeners>
        <tcp-listener>
            <port>1883</port>
            <bind-address>0.0.0.0</bind-address>
        </tcp-listener>
    </listeners>
    <mqtt>
        <max-client-id-length>65535</max-client-id-length>
        <retry-interval>10</retry-interval>
    </mqtt>
    <throttling>
        <max-connections>-1</max-connections>
        <!-- Max message size in bytes -->
        <max-message-size>268435456</max-message-size>
        <!-- Incoming/Outgoing limit in bytes/second -->
        <incoming-limit>1024</incoming-limit>
        <outgoing-limit>1024</outgoing-limit>
    </throttling>
    <general>
        <update-check-enabled>true</update-check-enabled>
    </general>
</hivemq>